SL_opera,SL_zvartnoc,SL_central_cemetery,SL_baghramyan_subway,SL_shengavit_subway
1691,10176,6088,867,6157
1691,10176,6088,867,6157
6767,17145,8266,7951,11537
951,9481,4641,1805,4544
1126,10663,5501,1578,6098
1054,10441,3367,3108,4549
1126,10663,5501,1578,6098
6767,17145,8266,7951,11537
282,10714,4406,2352,5431
1054,10441,3367,3108,4549
3198,13576,4554,5025,7583
2396,12140,6283,2813,7578
2396,12140,6283,2813,7578
2396,12140,6283,2813,7578
887,9548,4660,1776,4619
2396,12140,6283,2813,7578
3949,14382,5625,5481,8617
2396,12140,6283,2813,7578
3949,14382,5625,5481,8617
2477,8852,6524,517,5575
552,10953,4189,2668,5493
2396,12140,6283,2813,7578
6097,4733,7051,5705,2755
6342,16687,8076,7459,11194
4966,6703,5061,5322,844
1446,11125,3073,3634,5017
512,10014,4189,2259,4691
3832,8701,7951,1636,6656
1492,9500,5686,746,5372
1614,9886,5964,676,5864
2039,11580,6172,2253,7152
4966,6703,5061,5322,844
5075,9240,9317,2901,8027
5432,5016,7184,4685,3409
1691,10176,6088,867,6157
2477,8852,6524,517,5575
2396,12140,6283,2813,7578
1858,9844,6206,515,6014
5707,16080,7448,6902,10533
2588,10091,6976,902,6740
2189,8985,6248,448,5440
1479,8960,4673,1965,4080
1725,9667,6020,490,5750
500,10375,3922,2592,4837
552,10953,4189,2668,5493
2806,9293,7051,621,6292
2463,10068,6850,815,6633
2908,10314,1822,4731,3472
2908,10314,1822,4731,3472
2908,10314,1822,4731,3472
1614,9886,5964,676,5864
2588,10091,6976,902,6740
5524,6056,5720,5679,1293
1298,10082,5680,1005,5800
1298,10082,5680,1005,5800
1298,10082,5680,1005,5800
1298,10082,5680,1005,5800
1298,10082,5680,1005,5800
1298,10082,5680,1005,5800
1298,10082,5680,1005,5800
1298,10082,5680,1005,5800
1298,10082,5680,1005,5800
1298,10082,5680,1005,5800
1141,10968,3347,3331,5023
2908,10314,1822,4731,3472
1614,9886,5964,676,5864
461,10637,4805,2005,5623
1014,9991,5360,1195,5503
552,10953,4189,2668,5493
4228,7789,8057,2162,6227
887,9548,4660,1776,4619
1298,10082,5680,1005,5800
2678,11229,7014,1908,7471
1069,9384,4450,2027,4301
904,11312,4614,2653,6023
2039,11580,6172,2253,7152
1069,9384,4450,2027,4301
1446,11125,3073,3634,5017
552,10953,4189,2668,5493
1858,9844,6206,515,6014
1014,9991,5360,1195,5503
2154,8949,6183,518,5360
1725,9667,6020,490,5750
8065,4241,10877,6349,7309
2811,12498,6611,3143,7997
1039,9975,3605,2826,4245
2477,8852,6524,517,5575
90,10356,4463,2117,5174
5075,9240,9317,2901,8027
1858,9844,6206,515,6014
1014,9991,5360,1195,5503
2154,8949,6183,518,5360
1725,9667,6020,490,5750
8065,4241,10877,6349,7309
2811,12498,6611,3143,7997
1039,9975,3605,2826,4245
2477,8852,6524,517,5575
90,10356,4463,2117,5174
5075,9240,9317,2901,8027
4027,9030,2735,5328,1873
1890,12020,5579,2869,7086
2477,8852,6524,517,5575
1725,9667,6020,490,5750
5707,16080,7448,6902,10533
2588,10091,6976,902,6740
873,11204,3964,3006,5566
506,10519,3900,2664,4950
2974,10487,7379,1431,7271
512,10014,4189,2259,4691
1492,9500,5686,746,5372
887,9548,4660,1776,4619
951,9481,4641,1805,4544
4510,6769,7871,2767,5465
3949,14382,5625,5481,8617
980,10353,3460,3003,4522
887,9548,4660,1776,4619
1014,9991,5360,1195,5503
6767,17145,8266,7951,11537
3949,14382,5625,5481,8617
257,10215,4571,1965,5129
1014,9991,5360,1195,5503
4356,8527,8443,2162,6963
1145,10380,3295,3162,4445
2987,13225,6009,4028,8105
407,10067,4285,2178,4806
2771,12090,6823,2721,7875
1479,8960,4673,1965,4080
1014,9991,5360,1195,5503
8065,4241,10877,6349,7309
1034,10544,3373,3132,4650
1014,9991,5360,1195,5503
1492,9500,5686,746,5372
512,10014,4189,2259,4691
3949,14382,5625,5481,8617
8419,3145,8908,7958,4356
8419,3145,8908,7958,4356
552,10953,4189,2668,5493
282,10714,4406,2352,5431
2678,11229,7014,1908,7471
1492,9500,5686,746,5372
1446,11125,3073,3634,5017
1571,11452,5649,2264,6744
90,10356,4463,2117,5174
980,10353,3460,3003,4522
90,10356,4463,2117,5174
887,9548,4660,1776,4619
257,10215,4571,1965,5129
407,10067,4285,2178,4806
1054,10441,3367,3108,4549
90,10356,4463,2117,5174
90,10356,4463,2117,5174
506,10519,3900,2664,4950
8419,3145,8908,7958,4356
407,10067,4285,2178,4806
2396,12140,6283,2813,7578
1145,10380,3295,3162,4445
8419,3145,8908,7958,4356
8419,3145,8908,7958,4356
666,9774,4627,1807,4793
904,11312,4614,2653,6023
2136,9185,6287,246,5614
552,10953,4189,2668,5493
500,10375,3922,2592,4837
1446,11125,3073,3634,5017
1014,9991,5360,1195,5503
816,9650,4776,1654,4797
6767,17145,8266,7951,11537
1831,8613,4781,2089,3832
6400,16649,6134,8242,10168
4489,14080,7926,4718,9688
506,10519,3900,2664,4950
4510,6769,7871,2767,5465
5432,5016,7184,4685,3409
1919,10193,6317,830,6332
4760,9789,9090,2668,8132
1858,9844,6206,515,6014
1014,9991,5360,1195,5503
1479,8960,4673,1965,4080
2588,10091,6976,902,6740
2129,10127,2522,3947,3680
2743,11632,6981,2284,7695
3949,14382,5625,5481,8617
2881,9606,7201,809,6604
1014,9991,5360,1195,5503
1054,10441,3367,3108,4549
1126,10663,5501,1578,6098
2588,10091,6976,902,6740
3949,14382,5625,5481,8617
1141,10968,3347,3331,5023
816,9650,4776,1654,4797
6767,17145,8266,7951,11537
1298,10082,5680,1005,5800
1298,10082,5680,1005,5800
1126,10663,5501,1578,6098
1126,10663,5501,1578,6098
4023,14452,5796,5496,8746
3022,11061,7399,1882,7627
1054,10441,3367,3108,4549
1268,9343,4088,2434,3964
1126,10663,5501,1578,6098
816,9650,4776,1654,4797
500,10375,3922,2592,4837
512,10014,4189,2259,4691
4930,7652,4177,5709,383
2396,12140,6283,2813,7578
3949,14382,5625,5481,8617
3022,11061,7399,1882,7627
6767,17145,8266,7951,11537
1446,11125,3073,3634,5017
1509,10414,2939,3501,4261
2588,10091,6976,902,6740
2250,11047,6596,1680,7081
1204,11050,3317,3399,5080
2678,11229,7014,1908,7471
506,10519,3900,2664,4950
90,10356,4463,2117,5174
4489,14080,7926,4718,9688
2678,11229,7014,1908,7471
2591,12602,6143,3324,7788
6767,17145,8266,7951,11537
2974,10487,7379,1431,7271
1069,9384,4450,2027,4301
1145,10380,3295,3162,4445
2396,12140,6283,2813,7578
2396,12140,6283,2813,7578
4490,14813,5009,6326,8579
6097,4733,7051,5705,2755
4499,14839,5092,6313,8634
951,9481,4641,1805,4544
1298,10082,5680,1005,5800
5707,16080,7448,6902,10533
500,10375,3922,2592,4837
1446,11125,3073,3634,5017
5261,15685,6740,6643,9945
1571,11452,5649,2264,6744
2039,11580,6172,2253,7152
3949,14382,5625,5481,8617
4221,7485,7913,2257,5923
3949,14382,5625,5481,8617
407,10067,4285,2178,4806
1126,10663,5501,1578,6098
926,9719,3997,2441,4274
4711,5729,6923,3823,3650
4441,11339,8833,2904,8759
4707,15133,5859,6306,9182
1571,11452,5649,2264,6744
8419,3145,8908,7958,4356
1614,9886,5964,676,5864
1014,9991,5360,1195,5503
1126,10663,5501,1578,6098
6097,4733,7051,5705,2755
1268,9343,4088,2434,3964
1069,9384,4450,2027,4301
2129,10127,2522,3947,3680
1126,10663,5501,1578,6098
2039,11580,6172,2253,7152
1479,8960,4673,1965,4080
2743,11632,6981,2284,7695
10230,4808,9612,10180,5315
2250,11047,6596,1680,7081
2250,11047,6596,1680,7081
2396,12140,6283,2813,7578
6767,17145,8266,7951,11537
2396,12140,6283,2813,7578
1014,9991,5360,1195,5503
3949,14382,5625,5481,8617
512,10014,4189,2259,4691
500,10375,3922,2592,4837
2189,8985,6248,448,5440
407,10067,4285,2178,4806
1298,10082,5680,1005,5800
873,11204,3964,3006,5566
2588,10091,6976,902,6740
2396,12140,6283,2813,7578
2588,10091,6976,902,6740
2588,10091,6976,902,6740
2396,12140,6283,2813,7578
1903,10709,6291,1351,6658
1141,10968,3347,3331,5023
1725,9667,6020,490,5750
1571,11452,5649,2264,6744
2396,12140,6283,2813,7578
2098,9864,6455,497,6211
2678,11229,7014,1908,7471
1725,9667,6020,490,5750
3949,14382,5625,5481,8617
4760,9789,9090,2668,8132
3949,14382,5625,5481,8617
2396,12140,6283,2813,7578
951,9481,4641,1805,4544
1479,8960,4673,1965,4080
1145,10380,3295,3162,4445
3949,14382,5625,5481,8617
904,11312,4614,2653,6023
1145,10380,3295,3162,4445
1054,10441,3367,3108,4549
1042,9845,5331,1159,5370
904,11312,4614,2653,6023
904,11312,4614,2653,6023
1298,10082,5680,1005,5800
1126,10663,5501,1578,6098
4070,10976,8473,2462,8316
2468,9217,6670,273,5942
2588,10091,6976,902,6740
5075,9240,9317,2901,8027
1145,10380,3295,3162,4445
512,10014,4189,2259,4691
552,10953,4189,2668,5493
951,9481,4641,1805,4544
3949,14382,5625,5481,8617
3949,14382,5625,5481,8617
90,10356,4463,2117,5174
6767,17145,8266,7951,11537
1014,9991,5360,1195,5503
3949,14382,5625,5481,8617
666,9774,4627,1807,4793
1446,11125,3073,3634,5017
1145,10380,3295,3162,4445
887,9548,4660,1776,4619
500,10375,3922,2592,4837
282,10714,4406,2352,5431
1298,10082,5680,1005,5800
1126,10663,5501,1578,6098
6767,17145,8266,7951,11537
2678,11229,7014,1908,7471
407,10067,4285,2178,4806
2477,8852,6524,517,5575
1014,9991,5360,1195,5503
500,10375,3922,2592,4837
1014,9991,5360,1195,5503
1014,9991,5360,1195,5503
5432,5016,7184,4685,3409
816,9650,4776,1654,4797
2908,10314,1822,4731,3472
1858,9844,6206,515,6014
2463,10068,6850,815,6633
2974,10487,7379,1431,7271
4060,13686,7567,4318,9258
1602,9136,3946,2697,3615
3198,13576,4554,5025,7583
1145,10380,3295,3162,4445
4760,9789,9090,2668,8132
2987,13225,6009,4028,8105
4221,7485,7913,2257,5923
2172,10431,2330,4103,3922
257,10215,4571,1965,5129
3022,11061,7399,1882,7627
1014,9991,5360,1195,5503
980,10353,3460,3003,4522
2743,11632,6981,2284,7695
1890,12020,5579,2869,7086
2974,10487,7379,1431,7271
506,10519,3900,2664,4950
500,10375,3922,2592,4837
904,11312,4614,2653,6023
552,10953,4189,2668,5493
1039,9975,3605,2826,4245
1602,9136,3946,2697,3615
1141,10968,3347,3331,5023
506,10519,3900,2664,4950
1602,9136,3946,2697,3615
1039,9975,3605,2826,4245
2795,7706,5876,1978,4086
407,10067,4285,2178,4806
873,11204,3964,3006,5566
1446,11125,3073,3634,5017
6097,4733,7051,5705,2755
887,9548,4660,1776,4619
1126,10663,5501,1578,6098
1145,10380,3295,3162,4445
2129,10127,2522,3947,3680
1661,10293,2842,3588,4075
1661,10293,2842,3588,4075
2881,9606,7201,809,6604
1126,10663,5501,1578,6098
2795,7706,5876,1978,4086
748,11180,4429,2664,5814
980,10353,3460,3003,4522
2974,10487,7379,1431,7271
8419,3145,8908,7958,4356
1126,10663,5501,1578,6098
2743,11632,6981,2284,7695
512,10014,4189,2259,4691
3022,11061,7399,1882,7627
3022,11061,7399,1882,7627
1126,10663,5501,1578,6098
282,10714,4406,2352,5431
2784,13188,5331,4217,7718
1602,9136,3946,2697,3615
6400,16649,6134,8242,10168
5261,15685,6740,6643,9945
2463,10068,6850,815,6633
3376,8999,7562,1177,6516
1298,10082,5680,1005,5800
3022,11061,7399,1882,7627
1725,9667,6020,490,5750
6342,16687,8076,7459,11194
506,10519,3900,2664,4950
873,11204,3964,3006,5566
1145,10380,3295,3162,4445
926,9719,3997,2441,4274
926,9719,3997,2441,4274
1054,10441,3367,3108,4549
6767,17145,8266,7951,11537
1135,9883,5454,1066,5489
90,10356,4463,2117,5174
4760,9789,9090,2668,8132
4489,14080,7926,4718,9688
6767,17145,8266,7951,11537
3949,14382,5625,5481,8617
90,10356,4463,2117,5174
1479,8960,4673,1965,4080
1054,10441,3367,3108,4549
6890,5459,6641,7011,2107
1446,11125,3073,3634,5017
2908,10314,1822,4731,3472
904,11312,4614,2653,6023
3949,14382,5625,5481,8617
2358,12253,6125,2960,7556
6767,17145,8266,7951,11537
257,10215,4571,1965,5129
1446,11125,3073,3634,5017
1275,10268,3209,3227,4279
407,10067,4285,2178,4806
552,10953,4189,2668,5493
90,10356,4463,2117,5174
1312,10442,3119,3337,4398
1479,8960,4673,1965,4080
3949,14382,5625,5481,8617
1446,11125,3073,3634,5017
2143,9774,2763,3800,3404
506,10519,3900,2664,4950
980,10353,3460,3003,4522
5261,15685,6740,6643,9945
1746,10638,2667,3791,4336
3949,14382,5625,5481,8617
1661,10293,2842,3588,4075
1014,9991,5360,1195,5503
2795,7706,5876,1978,4086
6767,17145,8266,7951,11537
980,10353,3460,3003,4522
5075,9240,9317,2901,8027
1446,11125,3073,3634,5017
2129,10127,2522,3947,3680
1489,11917,4609,3209,6467
407,10067,4285,2178,4806
3651,13874,6461,4630,8747
3949,14382,5625,5481,8617
3763,7582,7403,1916,5509
506,10519,3900,2664,4950
2358,12253,6125,2960,7556
1602,9136,3946,2697,3615
1126,10663,5501,1578,6098
1479,8960,4673,1965,4080
904,11312,4614,2653,6023
1571,11452,5649,2264,6744
1249,9308,5155,1306,4801
887,9548,4660,1776,4619
4522,14905,5343,6264,8794
2143,9774,2763,3800,3404
1479,8960,4673,1965,4080
3949,14382,5625,5481,8617
1126,10663,5501,1578,6098
666,9774,4627,1807,4793
3949,14382,5625,5481,8617
1039,9975,3605,2826,4245
1126,10663,5501,1578,6098
1858,9844,6206,515,6014
5432,5016,7184,4685,3409
5432,5016,7184,4685,3409
5432,5016,7184,4685,3409
5432,5016,7184,4685,3409
5432,5016,7184,4685,3409
500,10375,3922,2592,4837
1014,9991,5360,1195,5503
2396,12140,6283,2813,7578
1446,11125,3073,3634,5017
4489,14080,7926,4718,9688
2588,10091,6976,902,6740
4711,5729,6923,3823,3650
512,10014,4189,2259,4691
1446,11125,3073,3634,5017
3631,8268,7586,1526,6096
407,10067,4285,2178,4806
6767,17145,8266,7951,11537
3832,8701,7951,1636,6656
6002,4585,8308,4783,4701
5331,8033,3986,6266,812
90,10356,4463,2117,5174
1126,10663,5501,1578,6098
1126,10663,5501,1578,6098
1479,8960,4673,1965,4080
1446,11125,3073,3634,5017
191,10285,4544,2016,5170
951,9481,4641,1805,4544
90,10356,4463,2117,5174
980,10353,3460,3003,4522
6097,4733,7051,5705,2755
11271,14208,7096,12974,8120
904,11312,4614,2653,6023
926,9719,3997,2441,4274
90,10356,4463,2117,5174
506,10519,3900,2664,4950
6767,17145,8266,7951,11537
512,10014,4189,2259,4691
407,10067,4285,2178,4806
5432,5016,7184,4685,3409
6342,16687,8076,7459,11194
1042,9845,5331,1159,5370
1624,9575,3379,3148,3643
6097,4733,7051,5705,2755
2795,7706,5876,1978,4086
8419,3145,8908,7958,4356
1126,10663,5501,1578,6098
5347,6813,5015,5816,491
904,11312,4614,2653,6023
951,9481,4641,1805,4544
1145,10380,3295,3162,4445
458,10522,4847,1899,5561
1614,9886,5964,676,5864
6342,16687,8076,7459,11194
407,10067,4285,2178,4806
904,11312,4614,2653,6023
1602,9136,3946,2697,3615
90,10356,4463,2117,5174
257,10215,4571,1965,5129
1141,10968,3347,3331,5023
458,10522,4847,1899,5561
90,10356,4463,2117,5174
500,10375,3922,2592,4837
1489,10783,2920,3606,4619
5075,9240,9317,2901,8027
3631,8268,7586,1526,6096
2147,12135,5898,2891,7347
4489,14080,7926,4718,9688
6617,16960,8309,7724,11463
1126,10663,5501,1578,6098
980,10353,3460,3003,4522
4943,8372,9001,2751,7339
4228,7789,8057,2162,6227
2743,11632,6981,2284,7695
423,10255,4053,2438,4815
2468,9217,6670,273,5942
2743,11632,6981,2284,7695
1346,9682,3548,2923,3897
4228,7789,8057,2162,6227
423,10255,4053,2438,4815
1446,11125,3073,3634,5017
1247,9700,3635,2825,3981
2396,12140,6283,2813,7578
5432,5016,7184,4685,3409
5432,5016,7184,4685,3409
2098,9864,6455,497,6211
2098,9864,6455,497,6211
2974,10487,7379,1431,7271
3372,11833,1233,5506,4909
4441,11339,8833,2904,8759
4228,7789,8057,2162,6227
1614,9886,5964,676,5864
4966,6703,5061,5322,844
2396,12140,6283,2813,7578
5432,5016,7184,4685,3409
1039,9975,3605,2826,4245
500,10375,3922,2592,4837
423,10255,4053,2438,4815
1054,10441,3367,3108,4549
1571,11452,5649,2264,6744
5595,10176,2426,7147,2936
1298,10082,5680,1005,5800
5347,6813,5015,5816,491
423,10255,4053,2438,4815
5976,16213,8135,6911,10972
887,9548,4660,1776,4619
90,10356,4463,2117,5174
500,10375,3922,2592,4837
1602,9136,3946,2697,3615
1615,10029,3021,3422,3900
1571,11452,5649,2264,6744
6762,3672,8525,5778,4470
5232,7174,4673,5840,127
4117,10985,778,6009,3785
1298,10082,5680,1005,5800
2468,9217,6670,273,5942
887,9548,4660,1776,4619
4061,7197,7550,2292,5408
1039,9975,3605,2826,4245
1034,10544,3373,3132,4650
1725,9667,6020,490,5750
2396,12140,6283,2813,7578
4994,5515,7398,3895,4130
2396,12140,6283,2813,7578
3740,8136,7653,1656,6075
873,11204,3964,3006,5566
6487,11362,2537,8220,4202
980,10353,3460,3003,4522
1298,10082,5680,1005,5800
6703,3944,8931,5440,5143
5541,6038,5738,5691,1307
1039,9975,3605,2826,4245
2551,7893,5149,2411,3460
2197,9843,2666,3885,3422
1039,9975,3605,2826,4245
3307,9238,2617,4699,2362
873,11204,3964,3006,5566
1725,9667,6020,490,5750
4228,7789,8057,2162,6227
1298,10082,5680,1005,5800
1054,10441,3367,3108,4549
407,10067,4285,2178,4806
1004,9837,3762,2671,4218
1602,9136,3946,2697,3615
1602,9136,3946,2697,3615
1298,10082,5680,1005,5800
90,10356,4463,2117,5174
1864,11551,5968,2266,7006
3542,13437,6913,4089,8738
970,9913,3727,2703,4269
2477,8852,6524,517,5575
1864,11551,5968,2266,7006
1489,11917,4609,3209,6467
1489,11917,4609,3209,6467
1489,11917,4609,3209,6467
1298,10082,5680,1005,5800
1000,10443,5403,1454,5872
5261,15685,6740,6643,9945
6691,8198,10688,4499,8631
6767,17145,8266,7951,11537
887,9548,4660,1776,4619
1145,10380,3295,3162,4445
907,10620,5284,1668,5923
2396,12140,6283,2813,7578
5347,6813,5015,5816,491
1446,11125,3073,3634,5017
1446,11125,3073,3634,5017
90,10356,4463,2117,5174
907,10620,5284,1668,5923
2588,10091,6976,902,6740
887,9548,4660,1776,4619
1069,9384,4450,2027,4301
6002,4585,8308,4783,4701
2129,10127,2522,3947,3680
5432,5016,7184,4685,3409
1054,10441,3367,3108,4549
2358,12253,6125,2960,7556
5232,7174,4673,5840,127
5432,5016,7184,4685,3409
4510,6769,7871,2767,5465
2795,7706,5876,1978,4086
1823,11822,5696,2624,7022
4319,9525,8621,2190,7638
1864,11551,5968,2266,7006
500,10375,3922,2592,4837
887,9548,4660,1776,4619
4441,11339,8833,2904,8759
506,10519,3900,2664,4950
90,10356,4463,2117,5174
90,10356,4463,2117,5174
1602,9136,3946,2697,3615
500,10375,3922,2592,4837
1725,9667,6020,490,5750
2154,8949,6183,518,5360
1864,11551,5968,2266,7006
4319,9525,8621,2190,7638
407,10067,4285,2178,4806
873,11204,3964,3006,5566
4943,8372,9001,2751,7339
2197,9843,2666,3885,3422
1864,11551,5968,2266,7006
1919,10193,6317,830,6332
970,9913,3727,2703,4269
2756,11154,7109,1863,7489
3807,10203,8195,1905,7691
3807,10203,8195,1905,7691
1725,9667,6020,490,5750
2760,13078,5677,3968,7831
1864,11551,5968,2266,7006
1571,11452,5649,2264,6744
6767,17145,8266,7951,11537
3070,11217,1335,5122,4333
2477,8852,6524,517,5575
2588,10091,6976,902,6740
2974,10487,7379,1431,7271
7971,4337,10812,6244,7277
7971,4337,10812,6244,7277
980,10353,3460,3003,4522
6767,17145,8266,7951,11537
1661,10293,2842,3588,4075
1479,8960,4673,1965,4080
512,10014,4189,2259,4691
2098,9864,6455,497,6211
282,10714,4406,2352,5431
1725,9667,6020,490,5750
1492,9500,5686,746,5372
5331,8033,3986,6266,812
1298,10082,5680,1005,5800
3640,8968,7827,1442,6710
5331,8033,3986,6266,812
6400,16649,6134,8242,10168
1614,9886,5964,676,5864
1602,9136,3946,2697,3615
2588,10091,6976,902,6740
4510,6769,7871,2767,5465
4441,11339,8833,2904,8759
3640,8968,7827,1442,6710
1000,10443,5403,1454,5872
1145,10380,3295,3162,4445
1602,9136,3946,2697,3615
3225,12348,7268,3002,8305
1039,9975,3605,2826,4245
1331,9140,5008,1516,4536
1519,11397,5620,2219,6688
2358,12253,6125,2960,7556
458,10522,4847,1899,5561
2811,12498,6611,3143,7997
1298,10082,5680,1005,5800
4408,9571,8716,2286,7735
2039,11580,6172,2253,7152
407,10067,4285,2178,4806
970,9913,3727,2703,4269
2098,9864,6455,497,6211
1725,9667,6020,490,5750
1602,9136,3946,2697,3615
1069,9384,4450,2027,4301
1725,9667,6020,490,5750
970,9913,3727,2703,4269
1691,10176,6088,867,6157
1864,11551,5968,2266,7006
2396,12140,6283,2813,7578
1145,10380,3295,3162,4445
3807,10203,8195,1905,7691
1492,9500,5686,746,5372
951,9481,4641,1805,4544
1479,8960,4673,1965,4080
1864,11551,5968,2266,7006
512,10014,4189,2259,4691
90,10356,4463,2117,5174
1919,10193,6317,830,6332
1492,9500,5686,746,5372
1298,10082,5680,1005,5800
4023,14452,5796,5496,8746
4023,14452,5796,5496,8746
407,10067,4285,2178,4806
2678,11229,7014,1908,7471
6767,17145,8266,7951,11537
6767,17145,8266,7951,11537
2463,10068,6850,815,6633
2468,9217,6670,273,5942
3372,11833,1233,5506,4909
2396,12140,6283,2813,7578
2098,9864,6455,497,6211
4510,6769,7871,2767,5465
3372,11833,1233,5506,4909
5432,5016,7184,4685,3409
5116,8066,3872,6060,779
1416,10107,5803,945,5906
1864,11551,5968,2266,7006
2468,9217,6670,273,5942
1034,10544,3373,3132,4650
1446,11125,3073,3634,5017
2588,10091,6976,902,6740
1416,10107,5803,945,5906
3763,7582,7403,1916,5509
1602,9136,3946,2697,3615
1298,10082,5680,1005,5800
873,11204,3964,3006,5566
2098,9864,6455,497,6211
2396,12140,6283,2813,7578
1571,11452,5649,2264,6744
1864,11551,5968,2266,7006
2468,9217,6670,273,5942
407,10067,4285,2178,4806
1054,10441,3367,3108,4549
4489,14080,7926,4718,9688
5432,5016,7184,4685,3409
2358,12253,6125,2960,7556
1602,9136,3946,2697,3615
2468,9217,6670,273,5942
506,10519,3900,2664,4950
4268,14686,5456,5929,8718
1602,9136,3946,2697,3615
710,10473,5110,1674,5698
1039,9975,3605,2826,4245
5171,11284,1174,7023,3984
1298,10082,5680,1005,5800
1298,10082,5680,1005,5800
980,10353,3460,3003,4522
423,10255,4053,2438,4815
1298,10082,5680,1005,5800
500,10375,3922,2592,4837
90,10356,4463,2117,5174
4943,8372,9001,2751,7339
2396,12140,6283,2813,7578
4510,6769,7871,2767,5465
90,10356,4463,2117,5174
1801,10863,6161,1525,6673
2756,11154,7109,1863,7489
2756,11154,7109,1863,7489
3225,12348,7268,3002,8305
9774,11076,6349,11098,5583
1691,10176,6088,867,6157
3832,8701,7951,1636,6656
5232,7174,4673,5840,127
2795,7706,5876,1978,4086
2468,9217,6670,273,5942
3740,8136,7653,1656,6075
407,10067,4285,2178,4806
6767,17145,8266,7951,11537
4228,7789,8057,2162,6227
2468,9217,6670,273,5942
1519,11397,5620,2219,6688
1801,10863,6161,1525,6673
349,10725,4189,2527,5306
512,10014,4189,2259,4691
506,10519,3900,2664,4950
6421,5284,6574,6412,2033
748,11180,4429,2664,5814
2591,12602,6143,3324,7788
3640,8968,7827,1442,6710
3640,8968,7827,1442,6710
2197,9843,2666,3885,3422
4228,7789,8057,2162,6227
5232,7174,4673,5840,127
500,10375,3922,2592,4837
1298,10082,5680,1005,5800
970,9913,3727,2703,4269
1571,11452,5649,2264,6744
2468,9217,6670,273,5942
5232,7174,4673,5840,127
552,10953,4189,2668,5493
887,9548,4660,1776,4619
1864,11551,5968,2266,7006
2197,9843,2666,3885,3422
1479,8960,4673,1965,4080
500,10375,3922,2592,4837
2974,10487,7379,1431,7271
2974,10487,7379,1431,7271
407,10067,4285,2178,4806
500,10375,3922,2592,4837
4441,11339,8833,2904,8759
2172,10431,2330,4103,3922
90,10356,4463,2117,5174
1864,11551,5968,2266,7006
2468,9217,6670,273,5942
666,9774,4627,1807,4793
1446,11125,3073,3634,5017
3640,8968,7827,1442,6710
2678,11229,7014,1908,7471
9774,11076,6349,11098,5583
666,9774,4627,1807,4793
1602,9136,3946,2697,3615
1864,11551,5968,2266,7006
1069,9384,4450,2027,4301
2396,12140,6283,2813,7578
5232,7174,4673,5840,127
512,10014,4189,2259,4691
5331,8033,3986,6266,812
1691,10176,6088,867,6157
1691,10176,6088,867,6157
5432,5016,7184,4685,3409
873,11204,3964,3006,5566
2588,10091,6976,902,6740
423,10255,4053,2438,4815
1602,9136,3946,2697,3615
4408,9571,8716,2286,7735
666,9774,4627,1807,4793
2795,7706,5876,1978,4086
951,9481,4641,1805,4544
5232,7174,4673,5840,127
666,9774,4627,1807,4793
2588,10091,6976,902,6740
2795,7706,5876,1978,4086
1919,10193,6317,830,6332
904,11312,4614,2653,6023
2154,8949,6183,518,5360
90,10356,4463,2117,5174
1864,11551,5968,2266,7006
1298,10082,5680,1005,5800
1725,9667,6020,490,5750
1614,9886,5964,676,5864
2795,7706,5876,1978,4086
1054,10441,3367,3108,4549
1661,10293,2842,3588,4075
407,10067,4285,2178,4806
3372,11833,1233,5506,4909
904,11312,4614,2653,6023
1289,9805,5593,912,5532
5232,7174,4673,5840,127
1446,11125,3073,3634,5017
407,10067,4285,2178,4806
5432,5016,7184,4685,3409
2396,12140,6283,2813,7578
1289,9805,5593,912,5532
1571,11452,5649,2264,6744
1039,9975,3605,2826,4245
2396,12140,6283,2813,7578
2756,11154,7109,1863,7489
2756,11154,7109,1863,7489
5232,7174,4673,5840,127
5232,7174,4673,5840,127
2396,12140,6283,2813,7578
2172,10431,2330,4103,3922
500,10375,3922,2592,4837
2172,10431,2330,4103,3922
1602,9136,3946,2697,3615
2588,10091,6976,902,6740
2396,12140,6283,2813,7578
873,11204,3964,3006,5566
951,9481,4641,1805,4544
5432,5016,7184,4685,3409
1069,9384,4450,2027,4301
1890,12020,5579,2869,7086
1000,10443,5403,1454,5872
1864,11551,5968,2266,7006
407,10067,4285,2178,4806
3372,11833,1233,5506,4909
1145,10380,3295,3162,4445
2463,10068,6850,815,6633
5432,5016,7184,4685,3409
4489,14080,7926,4718,9688
5331,8033,3986,6266,812
407,10067,4285,2178,4806
407,10067,4285,2178,4806
2591,12602,6143,3324,7788
6767,17145,8266,7951,11537
1661,10293,2842,3588,4075
407,10067,4285,2178,4806
1446,11125,3073,3634,5017
2477,8852,6524,517,5575
1492,9500,5686,746,5372
2098,9864,6455,497,6211
1725,9667,6020,490,5750
1000,10443,5403,1454,5872
887,9548,4660,1776,4619
2463,10068,6850,815,6633
2463,10068,6850,815,6633
2396,12140,6283,2813,7578
506,10519,3900,2664,4950
1614,9886,5964,676,5864
951,9481,4641,1805,4544
2678,11229,7014,1908,7471
6767,17145,8266,7951,11537
785,10024,5118,1414,5355
1725,9667,6020,490,5750
2039,11580,6172,2253,7152
506,10519,3900,2664,4950
4174,7456,4330,4766,1093
2396,12140,6283,2813,7578
873,11204,3964,3006,5566
2396,12140,6283,2813,7578
5232,7174,4673,5840,127
2396,12140,6283,2813,7578
2588,10091,6976,902,6740
1509,10414,2939,3501,4261
4489,14080,7926,4718,9688
3807,10203,8195,1905,7691
951,9481,4641,1805,4544
3807,10203,8195,1905,7691
90,10356,4463,2117,5174
5700,15919,5477,7588,9445
1903,10709,6291,1351,6658
4738,7092,4672,5245,660
1479,8960,4673,1965,4080
1492,9500,5686,746,5372
2396,12140,6283,2813,7578
5232,7174,4673,5840,127
2647,9107,6824,457,5991
4738,7092,4672,5245,660
2197,9843,2666,3885,3422
2154,8949,6183,518,5360
1509,10414,2939,3501,4261
1864,11551,5968,2266,7006
1054,10441,3367,3108,4549
2396,12140,6283,2813,7578
1145,10380,3295,3162,4445
5331,8033,3986,6266,812
2098,9864,6455,497,6211
5232,7174,4673,5840,127
2396,12140,6283,2813,7578
5432,5016,7184,4685,3409
970,9913,3727,2703,4269
5432,5016,7184,4685,3409
90,10356,4463,2117,5174
887,9548,4660,1776,4619
2468,9217,6670,273,5942
1298,10082,5680,1005,5800
1864,11551,5968,2266,7006
666,9774,4627,1807,4793
1034,10544,3373,3132,4650
423,10255,4053,2438,4815
980,10353,3460,3003,4522
4489,14080,7926,4718,9688
6342,16687,8076,7459,11194
1890,12020,5579,2869,7086
5261,15685,6740,6643,9945
4441,11339,8833,2904,8759
2756,11154,7109,1863,7489
500,10375,3922,2592,4837
873,11204,3964,3006,5566
2197,9843,2666,3885,3422
1519,11397,5620,2219,6688
4489,14080,7926,4718,9688
2647,9107,6824,457,5991
3120,7956,6795,1417,5190
1614,9886,5964,676,5864
2154,8949,6183,518,5360
1298,10082,5680,1005,5800
1919,10193,6317,830,6332
2396,12140,6283,2813,7578
2588,10091,6976,902,6740
2588,10091,6976,902,6740
1298,10082,5680,1005,5800
1054,10441,3367,3108,4549
2463,10068,6850,815,6633
4228,7789,8057,2162,6227
2396,12140,6283,2813,7578
1890,12020,5579,2869,7086
2197,9843,2666,3885,3422
2678,11229,7014,1908,7471
2756,11154,7109,1863,7489
904,11312,4614,2653,6023
970,9913,3727,2703,4269
1054,10441,3367,3108,4549
2396,12140,6283,2813,7578
1903,10709,6291,1351,6658
1864,11551,5968,2266,7006
3832,8701,7951,1636,6656
926,9719,3997,2441,4274
2756,11154,7109,1863,7489
1298,10082,5680,1005,5800
6767,17145,8266,7951,11537
1039,9975,3605,2826,4245
5232,7174,4673,5840,127
2678,11229,7014,1908,7471
2039,11580,6172,2253,7152
873,11204,3964,3006,5566
2197,9843,2666,3885,3422
3120,7956,6795,1417,5190
4966,6703,5061,5322,844
980,10353,3460,3003,4522
2197,9843,2666,3885,3422
2396,12140,6283,2813,7578
1864,11551,5968,2266,7006
4489,14080,7926,4718,9688
4061,7197,7550,2292,5408
1903,10709,6291,1351,6658
2197,9843,2666,3885,3422
1145,10380,3295,3162,4445
1145,10380,3295,3162,4445
1014,9991,5360,1195,5503
2396,12140,6283,2813,7578
1298,10082,5680,1005,5800
2756,11154,7109,1863,7489
2743,11632,6981,2284,7695
2647,9107,6824,457,5991
6703,3944,8931,5440,5143
2678,11229,7014,1908,7471
3807,10203,8195,1905,7691
461,10637,4805,2005,5623
1298,10082,5680,1005,5800
6767,17145,8266,7951,11537
3832,8701,7951,1636,6656
3640,8968,7827,1442,6710
5432,5016,7184,4685,3409
1446,11125,3073,3634,5017
2154,8949,6183,518,5360
1446,11125,3073,3634,5017
2588,10091,6976,902,6740
3198,13576,4554,5025,7583
666,9774,4627,1807,4793
748,11180,4429,2664,5814
1602,9136,3946,2697,3615
2396,12140,6283,2813,7578
2468,9217,6670,273,5942
2795,7706,5876,1978,4086
3372,11833,1233,5506,4909
3832,8701,7951,1636,6656
904,11312,4614,2653,6023
1571,11452,5649,2264,6744
2197,9843,2666,3885,3422
1602,9136,3946,2697,3615
2396,12140,6283,2813,7578
1864,11551,5968,2266,7006
6767,17145,8266,7951,11537
2358,12253,6125,2960,7556
951,9481,4641,1805,4544
3807,10203,8195,1905,7691
887,9548,4660,1776,4619
4221,7485,7913,2257,5923
5232,7174,4673,5840,127
2678,11229,7014,1908,7471
5232,7174,4673,5840,127
1004,9837,3762,2671,4218
6400,16649,6134,8242,10168
6400,16649,6134,8242,10168
5432,5016,7184,4685,3409
2098,9864,6455,497,6211
1054,10441,3367,3108,4549
2396,12140,6283,2813,7578
4441,11339,8833,2904,8759
5232,7174,4673,5840,127
4510,6769,7871,2767,5465
512,10014,4189,2259,4691
1054,10441,3367,3108,4549
951,9481,4641,1805,4544
970,9913,3727,2703,4269
887,9548,4660,1776,4619
970,9913,3727,2703,4269
2591,12602,6143,3324,7788
1890,12020,5579,2869,7086
666,9774,4627,1807,4793
2588,10091,6976,902,6740
1919,10193,6317,830,6332
5232,7174,4673,5840,127
2588,10091,6976,902,6740
1479,8960,4673,1965,4080
1479,8960,4673,1965,4080
1289,9805,5593,912,5532
2795,7706,5876,1978,4086
2591,12602,6143,3324,7788
2784,13188,5331,4217,7718
2784,13188,5331,4217,7718
1919,10193,6317,830,6332
2743,11632,6981,2284,7695
1479,8960,4673,1965,4080
2396,12140,6283,2813,7578
2152,8406,4509,2596,3322
785,10024,5118,1414,5355
2974,10487,7379,1431,7271
1615,10029,3021,3422,3900
1509,10414,2939,3501,4261
1509,10414,2939,3501,4261
1298,10082,5680,1005,5800
2098,9864,6455,497,6211
785,10024,5118,1414,5355
90,10356,4463,2117,5174
2154,8949,6183,518,5360
710,10473,5110,1674,5698
2591,12602,6143,3324,7788
980,10353,3460,3003,4522
2881,9606,7201,809,6604
1446,11125,3073,3634,5017
4319,9525,8621,2190,7638
4319,9525,8621,2190,7638
90,10356,4463,2117,5174
785,10024,5118,1414,5355
3740,8136,7653,1656,6075
1858,9844,6206,515,6014
5232,7174,4673,5840,127
3372,11833,1233,5506,4909
1509,10414,2939,3501,4261
1492,9500,5686,746,5372
5331,8033,3986,6266,812
2545,12243,6419,2901,7725
887,9548,4660,1776,4619
2129,10127,2522,3947,3680
4716,5715,6791,3927,3443
5432,5016,7184,4685,3409
2197,9843,2666,3885,3422
1890,12020,5579,2869,7086
2484,9876,2431,4174,3287
1661,10293,2842,3588,4075
710,10473,5110,1674,5698
1919,10193,6317,830,6332
1312,10442,3119,3337,4398
4994,5515,7398,3895,4130
1312,10442,3119,3337,4398
90,10356,4463,2117,5174
1039,9975,3605,2826,4245
2396,12140,6283,2813,7578
1042,9845,5331,1159,5370
4319,9525,8621,2190,7638
4441,11339,8833,2904,8759
5976,16213,8135,6911,10972
6470,16624,8726,7284,11512
1691,10176,6088,867,6157
2678,11229,7014,1908,7471
2197,9843,2666,3885,3422
2974,10487,7379,1431,7271
2756,11154,7109,1863,7489
5347,6813,5015,5816,491
2039,11580,6172,2253,7152
1298,10082,5680,1005,5800
4489,14080,7926,4718,9688
461,10637,4805,2005,5623
4228,7789,8057,2162,6227
980,10353,3460,3003,4522
2396,12140,6283,2813,7578
4994,5515,7398,3895,4130
1298,10082,5680,1005,5800
1054,10441,3367,3108,4549
1054,10441,3367,3108,4549
1054,10441,3367,3108,4549
4489,14080,7926,4718,9688
3372,11833,1233,5506,4909
407,10067,4285,2178,4806
5347,6813,5015,5816,491
423,10255,4053,2438,4815
1054,10441,3367,3108,4549
5432,5016,7184,4685,3409
2627,12991,5448,3953,7652
407,10067,4285,2178,4806
2396,12140,6283,2813,7578
4174,7456,4330,4766,1093
1864,11551,5968,2266,7006
4966,6703,5061,5322,844
1903,10709,6291,1351,6658
5232,7174,4673,5840,127
512,10014,4189,2259,4691
90,10356,4463,2117,5174
4994,5515,7398,3895,4130
2974,10487,7379,1431,7271
455,10277,4847,1759,5368
873,11204,3964,3006,5566
1039,9975,3605,2826,4245
5232,7174,4673,5840,127
980,10353,3460,3003,4522
407,10067,4285,2178,4806
2974,10487,7379,1431,7271
4713,5760,6488,4136,2997
1858,9844,6206,515,6014
2463,10068,6850,815,6633
907,10620,5284,1668,5923
282,10714,4406,2352,5431
1145,10380,3295,3162,4445
1145,10380,3295,3162,4445
2250,11047,6596,1680,7081
1298,10082,5680,1005,5800
5232,7174,4673,5840,127
2468,9217,6670,273,5942
2595,9932,2311,4302,3275
506,10519,3900,2664,4950
407,10067,4285,2178,4806
423,10255,4053,2438,4815
2678,11229,7014,1908,7471
1919,10193,6317,830,6332
1864,11551,5968,2266,7006
2098,9864,6455,497,6211
2197,9843,2666,3885,3422
1615,10029,3021,3422,3900
5331,8033,3986,6266,812
1509,10414,2939,3501,4261
3372,11833,1233,5506,4909
5331,8033,3986,6266,812
2154,8949,6183,518,5360
2189,8985,6248,448,5440
1864,11551,5968,2266,7006
5171,11284,1174,7023,3984
3372,11833,1233,5506,4909
1145,10380,3295,3162,4445
926,9719,3997,2441,4274
1289,9805,5593,912,5532
2756,11154,7109,1863,7489
2756,11154,7109,1863,7489
5432,5016,7184,4685,3409
6767,17145,8266,7951,11537
887,9548,4660,1776,4619
4221,7485,7913,2257,5923
970,9913,3727,2703,4269
1014,9991,5360,1195,5503
90,10356,4463,2117,5174
1289,9805,5593,912,5532
2250,11047,6596,1680,7081
926,9719,3997,2441,4274
6470,16624,8726,7284,11512
1416,10107,5803,945,5906
4994,5515,7398,3895,4130
2396,12140,6283,2813,7578
4221,7485,7913,2257,5923
2358,12253,6125,2960,7556
1145,10380,3295,3162,4445
500,10375,3922,2592,4837
2678,11229,7014,1908,7471
3461,10164,7850,1594,7419
2678,11229,7014,1908,7471
512,10014,4189,2259,4691
2477,8852,6524,517,5575
1903,10709,6291,1351,6658
2477,8852,6524,517,5575
423,10255,4053,2438,4815
2172,10431,2330,4103,3922
1479,8960,4673,1965,4080
1145,10380,3295,3162,4445
907,10620,5284,1668,5923
2588,10091,6976,902,6740
666,9774,4627,1807,4793
6400,16649,6134,8242,10168
1624,9575,3379,3148,3643
407,10067,4285,2178,4806
9774,11076,6349,11098,5583
3975,9311,2454,5382,2145
1054,10441,3367,3108,4549
2468,9217,6670,273,5942
1298,10082,5680,1005,5800
907,10620,5284,1668,5923
500,10375,3922,2592,4837
458,10522,4847,1899,5561
506,10519,3900,2664,4950
407,10067,4285,2178,4806
5232,7174,4673,5840,127
407,10067,4285,2178,4806
506,10519,3900,2664,4950
887,9548,4660,1776,4619
461,10637,4805,2005,5623
2588,10091,6976,902,6740
3740,8136,7653,1656,6075
2468,9217,6670,273,5942
4228,7789,8057,2162,6227
4302,14251,7391,4896,9480
458,10522,4847,1899,5561
1615,10029,3021,3422,3900
887,9548,4660,1776,4619
90,10356,4463,2117,5174
1479,8960,4673,1965,4080
1145,10380,3295,3162,4445
2743,11632,6981,2284,7695
1054,10441,3367,3108,4549
887,9548,4660,1776,4619
5232,7174,4673,5840,127
552,10953,4189,2668,5493
5347,6813,5015,5816,491
1691,10176,6088,867,6157
5232,7174,4673,5840,127
2197,9843,2666,3885,3422
4221,7485,7913,2257,5923
1493,9025,4353,2287,3860
1571,11452,5649,2264,6744
2477,8852,6524,517,5575
506,10519,3900,2664,4950
1614,9886,5964,676,5864
1571,11452,5649,2264,6744
785,10024,5118,1414,5355
970,9913,3727,2703,4269
3807,10203,8195,1905,7691
887,9548,4660,1776,4619
2039,11580,6172,2253,7152
1145,10380,3295,3162,4445
552,10953,4189,2668,5493
3198,13576,4554,5025,7583
3198,13576,4554,5025,7583
1858,9844,6206,515,6014
1509,10414,2939,3501,4261
1298,10082,5680,1005,5800
1823,11822,5696,2624,7022
1864,11551,5968,2266,7006
1864,11551,5968,2266,7006
2795,7706,5876,1978,4086
1661,10293,2842,3588,4075
506,10519,3900,2664,4950
90,10356,4463,2117,5174
1312,10442,3119,3337,4398
2396,12140,6283,2813,7578
512,10014,4189,2259,4691
3640,8968,7827,1442,6710
904,11312,4614,2653,6023
7971,4337,10812,6244,7277
4489,14080,7926,4718,9688
873,11204,3964,3006,5566
2154,8949,6183,518,5360
1571,11452,5649,2264,6744
512,10014,4189,2259,4691
1725,9667,6020,490,5750
2647,9107,6824,457,5991
4117,10985,778,6009,3785
2477,8852,6524,517,5575
3832,8701,7951,1636,6656
4319,9525,8621,2190,7638
970,9913,3727,2703,4269
5432,5016,7184,4685,3409
3832,8701,7951,1636,6656
1247,9700,3635,2825,3981
1054,10441,3367,3108,4549
951,9481,4641,1805,4544
951,9481,4641,1805,4544
1858,9844,6206,515,6014
5232,7174,4673,5840,127
6767,17145,8266,7951,11537
1446,11125,3073,3634,5017
2588,10091,6976,902,6740
3807,10203,8195,1905,7691
1145,10380,3295,3162,4445
90,10356,4463,2117,5174
1054,10441,3367,3108,4549
5331,8033,3986,6266,812
2396,12140,6283,2813,7578
2396,12140,6283,2813,7578
887,9548,4660,1776,4619
3807,10203,8195,1905,7691
2197,9843,2666,3885,3422
1624,9575,3379,3148,3643
2143,9774,2763,3800,3404
2484,9876,2431,4174,3287
2154,8949,6183,518,5360
904,11312,4614,2653,6023
1509,10414,2939,3501,4261
461,10637,4805,2005,5623
2129,10127,2522,3947,3680
2098,9864,6455,497,6211
4221,7485,7913,2257,5923
6767,17145,8266,7951,11537
980,10353,3460,3003,4522
407,10067,4285,2178,4806
666,9774,4627,1807,4793
1614,9886,5964,676,5864
4510,6769,7871,2767,5465
3832,8701,7951,1636,6656
904,11312,4614,2653,6023
951,9481,4641,1805,4544
1624,9575,3379,3148,3643
1039,9975,3605,2826,4245
2743,11632,6981,2284,7695
1042,9845,5331,1159,5370
1145,10380,3295,3162,4445
2974,10487,7379,1431,7271
2678,11229,7014,1908,7471
2678,11229,7014,1908,7471
1725,9667,6020,490,5750
904,11312,4614,2653,6023
2039,11580,6172,2253,7152
2678,11229,7014,1908,7471
1602,9136,3946,2697,3615
90,10356,4463,2117,5174
1054,10441,3367,3108,4549
2250,11047,6596,1680,7081
887,9548,4660,1776,4619
1614,9886,5964,676,5864
1519,11397,5620,2219,6688
1571,11452,5649,2264,6744
2250,11047,6596,1680,7081
2250,11047,6596,1680,7081
4133,6326,6613,3219,3745
2974,10487,7379,1431,7271
1624,9575,3379,3148,3643
1479,8960,4673,1965,4080
1725,9667,6020,490,5750
1145,10380,3295,3162,4445
904,11312,4614,2653,6023
2098,9864,6455,497,6211
2396,12140,6283,2813,7578
90,10356,4463,2117,5174
1135,9883,5454,1066,5489
5232,7174,4673,5840,127
2250,11047,6596,1680,7081
500,10375,3922,2592,4837
500,10375,3922,2592,4837
4023,14452,5796,5496,8746
1571,11452,5649,2264,6744
4023,14452,5796,5496,8746
1479,8960,4673,1965,4080
90,10356,4463,2117,5174
1509,10414,2939,3501,4261
1312,10442,3119,3337,4398
1054,10441,3367,3108,4549
2197,9843,2666,3885,3422
1054,10441,3367,3108,4549
4221,7485,7913,2257,5923
970,9913,3727,2703,4269
90,10356,4463,2117,5174
2974,10487,7379,1431,7271
2477,8852,6524,517,5575
926,9719,3997,2441,4274
6691,8198,10688,4499,8631
5232,7174,4673,5840,127
1492,9500,5686,746,5372
6767,17145,8266,7951,11537
873,11204,3964,3006,5566
90,10356,4463,2117,5174
512,10014,4189,2259,4691
2396,12140,6283,2813,7578
4221,7485,7913,2257,5923
90,10356,4463,2117,5174
887,9548,4660,1776,4619
461,10637,4805,2005,5623
407,10067,4285,2178,4806
951,9481,4641,1805,4544
512,10014,4189,2259,4691
506,10519,3900,2664,4950
1312,10442,3119,3337,4398
1509,10414,2939,3501,4261
1479,8960,4673,1965,4080
6767,17145,8266,7951,11537
970,9913,3727,2703,4269
1054,10441,3367,3108,4549
2795,7706,5876,1978,4086
6767,17145,8266,7951,11537
904,11312,4614,2653,6023
9841,11000,6456,11143,5593
90,10356,4463,2117,5174
2197,9843,2666,3885,3422
951,9481,4641,1805,4544
90,10356,4463,2117,5174
1479,8960,4673,1965,4080
2974,10487,7379,1431,7271
4221,7485,7913,2257,5923
6767,17145,8266,7951,11537
873,11204,3964,3006,5566
5976,16213,8135,6911,10972
4221,7485,7913,2257,5923
2396,12140,6283,2813,7578
2678,11229,7014,1908,7471
10345,11121,6985,11613,5999
6767,17145,8266,7951,11537
1624,9575,3379,3148,3643
407,10067,4285,2178,4806
2396,12140,6283,2813,7578
512,10014,4189,2259,4691
3372,11833,1233,5506,4909
2396,12140,6283,2813,7578
407,10067,4285,2178,4806
1145,10380,3295,3162,4445
1571,11452,5649,2264,6744
90,10356,4463,2117,5174
90,10356,4463,2117,5174
1145,10380,3295,3162,4445
1298,10082,5680,1005,5800
3807,10203,8195,1905,7691
3372,11833,1233,5506,4909
2154,8949,6183,518,5360
1298,10082,5680,1005,5800
2039,11580,6172,2253,7152
1054,10441,3367,3108,4549
4268,14686,5456,5929,8718
372,10391,4045,2489,4931
2396,12140,6283,2813,7578
1864,11551,5968,2266,7006
980,10353,3460,3003,4522
423,10255,4053,2438,4815
666,9774,4627,1807,4793
1479,8960,4673,1965,4080
2396,12140,6283,2813,7578
4464,14889,5675,6082,8948
5098,15526,6534,6522,9750
4872,15242,6837,6084,9745
1919,10193,6317,830,6332
5700,15919,5477,7588,9445
4738,7092,4672,5245,660
407,10067,4285,2178,4806
2098,9864,6455,497,6211
90,10356,4463,2117,5174
2396,12140,6283,2813,7578
4464,14889,5675,6082,8948
5098,15526,6534,6522,9750
4872,15242,6837,6084,9745
1919,10193,6317,830,6332
5700,15919,5477,7588,9445
4738,7092,4672,5245,660
407,10067,4285,2178,4806
2098,9864,6455,497,6211
90,10356,4463,2117,5174
4994,5515,7398,3895,4130
3640,8968,7827,1442,6710
4793,14915,4519,6779,8410
710,10473,5110,1674,5698
2172,10431,2330,4103,3922
552,10953,4189,2668,5493
4221,7485,7913,2257,5923
4664,8568,8768,2466,7250
923,9963,3734,2696,4324
923,9963,3734,2696,4324
2306,11049,6654,1685,7121
923,9963,3734,2696,4324
923,9963,3734,2696,4324
1300,9168,4454,2101,4094
4592,10646,8994,2744,8506
756,9905,3986,2445,4446
433,10247,4048,2440,4805
4679,6964,4800,5110,849
4592,10646,8994,2744,8506
1968,11387,6180,2054,7031
433,10247,4048,2440,4805
1881,11834,5774,2612,7077
1340,9224,4197,2361,3932
760,9804,4119,2311,4447
923,9963,3734,2696,4324
1896,9965,2820,3656,3686
1556,10050,5937,822,5961
2346,9869,6707,577,6400
2316,11069,6661,1705,7138
923,9963,3734,2696,4324
4679,6964,4800,5110,849
923,9963,3734,2696,4324
1720,9940,6085,653,5991
744,9913,3991,2441,4457
1968,11387,6180,2054,7031
1859,9920,2883,3598,3676
815,9639,4737,1693,4758
923,9963,3734,2696,4324
2306,11049,6654,1685,7121
1996,11417,6199,2081,7063
923,9963,3734,2696,4324
536,10183,3979,2487,4701
1896,9965,2820,3656,3686
923,9963,3734,2696,4324
923,9963,3734,2696,4324
1898,9792,6236,456,6000
744,9913,3991,2441,4457
1859,9920,2883,3598,3676
923,9963,3734,2696,4324
923,9963,3734,2696,4324
1881,11834,5774,2612,7077
1861,9182,5956,535,5346
4664,8568,8768,2466,7250
4664,8568,8768,2466,7250
923,9963,3734,2696,4324
536,10183,3979,2487,4701
1556,10050,5937,822,5961
923,9963,3734,2696,4324
2346,9869,6707,577,6400
815,9639,4737,1693,4758
760,9804,4119,2311,4447
1720,9940,6085,653,5991
1300,9168,4454,2101,4094
923,9963,3734,2696,4324
1300,9168,4454,2101,4094
1340,9224,4197,2361,3932
4592,10646,8994,2744,8506
2316,11069,6661,1705,7138
756,9905,3986,2445,4446
1996,11417,6199,2081,7063
756,9905,3986,2445,4446
4679,6964,4800,5110,849
1968,11387,6180,2054,7031
1538,10445,2904,3539,4272
1058,9488,4179,2289,4186
433,10247,4048,2440,4805
4723,11899,9076,3366,9219
4686,11924,9034,3354,9204
1881,11834,5774,2612,7077
555,9909,4670,1785,4940
1340,9224,4197,2361,3932
2324,10801,6710,1448,7001
760,9804,4119,2311,4447
923,9963,3734,2696,4324
1896,9965,2820,3656,3686
1556,10050,5937,822,5961
2346,9869,6707,577,6400
1861,9182,5956,535,5346
2316,11069,6661,1705,7138
479,10219,4017,2461,4759
394,10284,4067,2434,4850
923,9963,3734,2696,4324
923,9963,3734,2696,4324
1720,9940,6085,653,5991
744,9913,3991,2441,4457
1859,9920,2883,3598,3676
815,9639,4737,1693,4758
2306,11049,6654,1685,7121
1996,11417,6199,2081,7063
431,10788,4132,2607,5323
536,10183,3979,2487,4701
988,10779,3444,3160,4908
923,9963,3734,2696,4324
923,9963,3734,2696,4324
1898,9792,6236,456,6000
4664,8568,8768,2466,7250
923,9963,3734,2696,4324
923,9963,3734,2696,4324
1300,9168,4454,2101,4094
4592,10646,8994,2744,8506
756,9905,3986,2445,4446
4679,6964,4800,5110,849
1968,11387,6180,2054,7031
433,10247,4048,2440,4805
1881,11834,5774,2612,7077
1340,9224,4197,2361,3932
760,9804,4119,2311,4447
923,9963,3734,2696,4324
1896,9965,2820,3656,3686
1556,10050,5937,822,5961
2346,9869,6707,577,6400
1861,9182,5956,535,5346
2316,11069,6661,1705,7138
923,9963,3734,2696,4324
923,9963,3734,2696,4324
1720,9940,6085,653,5991
744,9913,3991,2441,4457
1859,9920,2883,3598,3676
815,9639,4737,1693,4758
2306,11049,6654,1685,7121
1996,11417,6199,2081,7063
536,10183,3979,2487,4701
923,9963,3734,2696,4324
440,10274,4024,2470,4813
923,9963,3734,2696,4324
760,9804,4119,2311,4447
1898,9792,6236,456,6000
4664,8568,8768,2466,7250
923,9963,3734,2696,4324
923,9963,3734,2696,4324
1300,9168,4454,2101,4094
4592,10646,8994,2744,8506
756,9905,3986,2445,4446
4679,6964,4800,5110,849
1968,11387,6180,2054,7031
433,10247,4048,2440,4805
1881,11834,5774,2612,7077
1340,9224,4197,2361,3932
760,9804,4119,2311,4447
923,9963,3734,2696,4324
1896,9965,2820,3656,3686
1556,10050,5937,822,5961
2346,9869,6707,577,6400
1861,9182,5956,535,5346
2316,11069,6661,1705,7138
923,9963,3734,2696,4324
923,9963,3734,2696,4324
1720,9940,6085,653,5991
744,9913,3991,2441,4457
1859,9920,2883,3598,3676
815,9639,4737,1693,4758
2306,11049,6654,1685,7121
1996,11417,6199,2081,7063
536,10183,3979,2487,4701
923,9963,3734,2696,4324
923,9963,3734,2696,4324
1898,9792,6236,456,6000
4664,8568,8768,2466,7250
923,9963,3734,2696,4324
923,9963,3734,2696,4324
1300,9168,4454,2101,4094
4592,10646,8994,2744,8506
756,9905,3986,2445,4446
2273,10512,6678,1164,6795
4715,6835,4931,5083,950
2339,12772,4719,4032,7125
2342,12775,4723,4034,7129
2342,12775,4717,4036,7126
2354,12786,4691,4061,7120
2348,12780,4730,4036,7137
4511,8297,3499,5530,1069
2328,12761,4729,4016,7123
2343,12775,4708,4041,7122
2330,12763,4712,4026,7115
4679,6964,4800,5110,849
1968,11387,6180,2054,7031
433,10247,4048,2440,4805
1881,11834,5774,2612,7077
1340,9224,4197,2361,3932
760,9804,4119,2311,4447
923,9963,3734,2696,4324
1896,9965,2820,3656,3686
1556,10050,5937,822,5961
2346,9869,6707,577,6400
923,9963,3734,2696,4324
2202,10243,2395,4061,3739
1861,9182,5956,535,5346
4016,8661,8130,1820,6780
2316,11069,6661,1705,7138
923,9963,3734,2696,4324
3091,12480,7021,3113,8232
923,9963,3734,2696,4324
923,9963,3734,2696,4324
1720,9940,6085,653,5991
744,9913,3991,2441,4457
1859,9920,2883,3598,3676
815,9639,4737,1693,4758
2306,11049,6654,1685,7121
1996,11417,6199,2081,7063
536,10183,3979,2487,4701
483,10802,4064,2670,5294
923,9963,3734,2696,4324
923,9963,3734,2696,4324
1898,9792,6236,456,6000
2874,9027,7042,681,6116
2295,9822,6648,508,6325
2536,10402,6942,1140,6910
943,10386,3487,2986,4570
2377,10821,6763,1476,7050
1322,9219,4245,2309,3968
682,9974,4966,1529,5207
4664,8568,8768,2466,7250
923,9963,3734,2696,4324
923,9963,3734,2696,4324
1300,9168,4454,2101,4094
4592,10646,8994,2744,8506
3122,12424,7095,3060,8244
923,9963,3734,2696,4324
4679,6964,4800,5110,849
1968,11387,6180,2054,7031
433,10247,4048,2440,4805
1881,11834,5774,2612,7077
1340,9224,4197,2361,3932
760,9804,4119,2311,4447
923,9963,3734,2696,4324
2368,10777,6757,1433,7018
1896,9965,2820,3656,3686
4419,14326,7532,4964,9601
1556,10050,5937,822,5961
6268,4204,8290,5193,4459
2346,9869,6707,577,6400
1861,9182,5956,535,5346
2326,11847,6386,2497,7456
2316,11069,6661,1705,7138
923,9963,3734,2696,4324
710,9859,4111,2320,4492
1720,9940,6085,653,5991
1276,10427,5681,1278,6049
744,9913,3991,2441,4457
1859,9920,2883,3598,3676
815,9639,4737,1693,4758
2828,9785,2293,4463,3036
2306,11049,6654,1685,7121
536,10183,3979,2487,4701
923,9963,3734,2696,4324
3125,13558,5170,4703,7874
923,9963,3734,2696,4324
1898,9792,6236,456,6000
3112,13544,5161,4691,7861
4664,8568,8768,2466,7250
923,9963,3734,2696,4324
923,9963,3734,2696,4324
1300,9168,4454,2101,4094
923,9963,3734,2696,4324
2632,11868,6758,2499,7699
757,9811,4114,2316,4449
848,9692,4166,2269,4375
4592,10646,8994,2744,8506
4679,6964,4800,5110,849
1968,11387,6180,2054,7031
433,10247,4048,2440,4805
1881,11834,5774,2612,7077
1340,9224,4197,2361,3932
760,9804,4119,2311,4447
923,9963,3734,2696,4324
1896,9965,2820,3656,3686
1556,10050,5937,822,5961
2346,9869,6707,577,6400
1861,9182,5956,535,5346
2326,11847,6386,2497,7456
2316,11069,6661,1705,7138
923,9963,3734,2696,4324
1720,9940,6085,653,5991
1276,10427,5681,1278,6049
744,9913,3991,2441,4457
1859,9920,2883,3598,3676
815,9639,4737,1693,4758
2828,9785,2293,4463,3036
2306,11049,6654,1685,7121
536,10183,3979,2487,4701
632,9802,4465,1969,4698
2231,10417,2285,4151,3880
923,9963,3734,2696,4324
433,10247,4048,2440,4805
923,9963,3734,2696,4324
1898,9792,6236,456,6000
410,10308,4037,2468,4852
357,10608,4703,2061,5535
4664,8568,8768,2466,7250
923,9963,3734,2696,4324
2340,12772,4716,4035,7124
3116,13548,5168,4693,7866
923,9963,3734,2696,4324
1324,10340,5730,1178,6022
923,9963,3734,2696,4324
1300,9168,4454,2101,4094
879,10692,3539,3042,4886
3099,12482,7031,3114,8239
3803,10165,8188,1886,7666
1262,9200,4945,1558,4537
3229,13056,6770,3706,8429
741,10789,3721,2936,5078
695,9799,4252,2179,4539
1007,10189,3500,2939,4388
4592,10646,8994,2744,8506
1986,9910,6350,544,6164
2365,12798,4706,4067,7136
1968,11387,6180,2054,7031
433,10247,4048,2440,4805
2340,9945,2481,4067,3420
1881,11834,5774,2612,7077
1340,9224,4197,2361,3932
1750,9427,5954,477,5525
760,9804,4119,2311,4447
923,9963,3734,2696,4324
1896,9965,2820,3656,3686
1556,10050,5937,822,5961
1448,9104,4252,2358,3854
2346,9869,6707,577,6400
1861,9182,5956,535,5346
2326,11847,6386,2497,7456
635,9829,4702,1741,4896
2316,11069,6661,1705,7138
923,9963,3734,2696,4324
1082,9379,4422,2058,4274
1720,9940,6085,653,5991
1201,9677,5432,1018,5315
1276,10427,5681,1278,6049
744,9913,3991,2441,4457
1859,9920,2883,3598,3676
6669,17042,8214,7842,11455
815,9639,4737,1693,4758
2828,9785,2293,4463,3036
1299,10101,5683,1017,5817
2306,11049,6654,1685,7121
536,10183,3979,2487,4701
1744,9855,6091,577,5936
923,9963,3734,2696,4324
923,9963,3734,2696,4324
4358,10820,8764,2614,8435
1898,9792,6236,456,6000
4153,8968,8349,1958,7126
4664,8568,8768,2466,7250
1693,9349,3555,3046,3520
923,9963,3734,2696,4324
1056,10679,5424,1634,6059
923,9963,3734,2696,4324
325,10722,4532,2262,5517
1300,9168,4454,2101,4094
197,10249,4502,2038,5110
4592,10646,8994,2744,8506
4679,6964,4800,5110,849
1968,11387,6180,2054,7031
506,10169,4024,2442,4718
433,10247,4048,2440,4805
2526,9662,6851,520,6374
1881,11834,5774,2612,7077
1340,9224,4197,2361,3932
760,9804,4119,2311,4447
2032,10100,6422,731,6344
923,9963,3734,2696,4324
1896,9965,2820,3656,3686
1440,9555,5653,784,5389
1556,10050,5937,822,5961
2631,12816,5907,3612,7790
4945,10311,1821,6589,3011
1914,9306,6087,357,5542
2356,10148,6751,842,6613
1578,11215,5801,1973,6677
386,10749,4607,2225,5585
3966,11262,8352,2537,8389
2343,10971,6707,1613,7106
2220,9869,2628,3920,3427
761,10388,3663,2827,4683
749,10836,3737,2947,5129
3915,10222,8303,2006,7781
3915,10222,8303,2006,7781
2346,9869,6707,577,6400
1861,9182,5956,535,5346
2326,11847,6386,2497,7456
2316,11069,6661,1705,7138
923,9963,3734,2696,4324
1720,9940,6085,653,5991
1276,10427,5681,1278,6049
744,9913,3991,2441,4457
1859,9920,2883,3598,3676
815,9639,4737,1693,4758
2828,9785,2293,4463,3036
2306,11049,6654,1685,7121
536,10183,3979,2487,4701
923,9963,3734,2696,4324
923,9963,3734,2696,4324
1898,9792,6236,456,6000
4664,8568,8768,2466,7250
923,9963,3734,2696,4324
923,9963,3734,2696,4324
1371,9067,4870,1694,4354
1300,9168,4454,2101,4094
4592,10646,8994,2744,8506
4679,6964,4800,5110,849
1191,10436,3236,3228,4463
433,10247,4048,2440,4805
1881,11834,5774,2612,7077
823,9611,4626,1806,4649
2226,10285,6629,936,6614
1083,9567,3996,2466,4122
2386,11204,6707,1841,7253
535,10744,3942,2734,5172
1234,9687,3661,2799,3988
894,9555,4429,2014,4445
923,9963,3734,2696,4324
3216,8014,6962,1392,5384
2990,13162,6145,3924,8140
244,10262,4256,2259,4956
452,10005,4331,2122,4783
546,10104,4033,2421,4665
546,10104,4033,2421,4665
4346,10906,8752,2640,8472
5929,4551,8039,4850,4331
923,9963,3734,2696,4324
923,9963,3734,2696,4324
4321,10798,8727,2575,8397
2354,10169,6750,861,6626
2306,8127,5234,2062,3799
976,10157,3547,2891,4388
1797,11900,5564,2750,6996
2894,9006,7056,702,6113
1448,9567,5669,770,5410
2164,9687,6486,326,6115
2059,10108,6450,740,6371
7175,17493,8867,8224,12041
923,9963,3734,2696,4324
654,10012,3995,2444,4553
1265,10123,5653,1053,5810
923,9963,3734,2696,4324
528,10730,3940,2728,5159
407,10241,4079,2410,4820
5396,7687,9269,3253,7226
2102,11231,6390,1868,7064
393,10634,4729,2058,5572
923,9963,3734,2696,4324
2326,12758,4713,4020,7113
923,9963,3734,2696,4324
923,9963,3734,2696,4324
2270,10697,6665,1342,6905
1095,10428,3330,3140,4514
2602,12775,5910,3567,7766
1520,11440,5588,2274,6698
2980,12328,6963,2961,8106
1130,9841,5431,1068,5440
2274,12707,4707,3968,7074
645,9835,4743,1702,4931
2028,10531,6432,1162,6637
571,9960,4176,2263,4633
3408,8401,7391,1303,6011
1097,10371,3343,3115,4466
708,9861,4111,2320,4495
406,10247,4077,2414,4824
815,9773,4082,2350,4389
1953,9241,6100,369,5506
923,9963,3734,2696,4324
4663,11400,9057,3094,8945
2844,11229,7189,1953,7587
3653,7718,7342,1779,5539
1951,9245,6100,367,5508
749,10249,3724,2738,4593
1081,10399,5487,1367,5897
574,11007,4394,2557,5658
1857,9850,6207,521,6019
2892,9014,7057,699,6119
608,9829,4587,1852,4811
485,10653,3951,2681,5099
438,10068,4226,2233,4765
377,10260,4100,2397,4850
923,9963,3734,2696,4324
663,9774,4603,1831,4775
536,10181,3982,2484,4700
393,10290,4064,2438,4853
675,10636,5038,1840,5773
986,10678,5352,1675,6011
541,9998,4166,2278,4661
923,9963,3734,2696,4324
342,10613,4682,2080,5526
3890,11357,8265,2543,8382
182,10251,4413,2116,5052
923,9963,3734,2696,4324
2179,10035,6562,681,6403
259,10412,4152,2405,5018
923,9963,3734,2696,4324
923,9963,3734,2696,4324
923,9963,3734,2696,4324
923,9963,3734,2696,4324
923,9963,3734,2696,4324
2354,12787,4710,4053,7131
2363,12795,4711,4061,7137
2359,12791,4682,4071,7119
2323,12755,4709,4019,7109
945,10396,3483,2992,4577
389,10773,4573,2265,5582
5912,4710,8289,4660,4748
408,10028,4410,2053,4859
2469,9792,6818,580,6434
923,9963,3734,2696,4324
2617,9780,6965,679,6535
2686,9716,7024,693,6539
424,10009,4449,2013,4869
1322,9219,4245,2309,3968
622,9814,4446,1988,4695
800,9632,4526,1906,4592
868,10099,3690,2748,4426
788,9998,5110,1410,5329
1813,10481,2636,3798,4154
1147,10448,3276,3193,4499
607,10300,3843,2640,4717
973,10160,3548,2890,4391
1949,11315,6188,1979,6989
242,10207,4348,2158,4971
339,10767,4436,2362,5493
397,10489,4008,2559,4992
984,10407,3442,3032,4563
923,9963,3734,2696,4324
301,10638,4610,2150,5499
1178,9472,4008,2478,4033
310,10413,4716,1937,5389
923,9963,3734,2696,4324
295,10709,4278,2448,5347
1522,11064,2956,3696,4902
3285,7469,6608,1921,4657
923,9963,3734,2696,4324
262,10609,4194,2460,5212
2060,9703,2887,3681,3409
874,9565,4686,1749,4654
749,9910,3988,2443,4452
800,9632,4526,1906,4592
516,10048,4134,2316,4683
740,9914,3995,2437,4461
1558,10399,2898,3539,4221
894,10246,3584,2868,4498
613,10277,3847,2631,4699
1336,9647,3593,2883,3893
923,9963,3734,2696,4324
2656,12096,6671,2729,7785
2788,9382,7056,626,6352
2355,10366,6760,1045,6759
652,9783,4580,1854,4766
4268,7002,7699,2510,5434
615,9828,4398,2035,4673
923,9963,3734,2696,4324
952,9640,4080,2364,4259
1144,9488,4031,2448,4069
2338,10363,6744,1038,6746
923,9963,3734,2696,4324
536,10228,3951,2524,4723
1170,10284,3303,3139,4354
611,10756,3856,2810,5131
263,10416,4147,2410,5018
923,9963,3734,2696,4324
2443,10307,6847,1020,6783
4637,5795,6742,3848,3444
596,9952,4149,2289,4606
1526,10513,2898,3555,4340
609,9828,4587,1851,4811
752,9691,4427,2004,4570
2381,9965,6756,683,6499
1506,10580,2907,3560,4412
2148,10106,2519,3957,3652
500,10011,4213,2235,4705
3965,14346,4979,5740,8279
746,10152,3780,2667,4538
3007,12342,6990,2975,8131
2027,11437,6228,2096,7094
1774,9411,5973,457,5529
2356,10148,6751,842,6613
2353,9228,6548,175,5853
923,9963,3734,2696,4324
2142,10011,6522,651,6358
2356,10148,6750,842,6612
1296,10695,5670,1522,6232
1046,10643,5422,1605,6031
1233,10467,3189,3278,4465
500,10856,4108,2668,5365
2067,10147,2561,3899,3729
1638,9872,5986,652,5871
1654,10210,2886,3545,4011
4650,12072,8974,3406,9243
387,10777,4202,2547,5357
2975,13255,5904,4092,8066
1552,9498,5757,676,5426
748,9908,3992,2440,4453
751,9905,3992,2439,4450
710,9859,4111,2320,4492
882,10381,3548,2930,4604
918,10124,3623,2814,4406
1314,9147,4485,2075,4101
1464,10587,2947,3525,4442
2416,10174,2265,4232,3570
923,9963,3734,2696,4324
3777,10263,8169,1904,7706
1950,8717,4184,2712,3350
646,9786,4544,1890,4742
404,10241,4083,2406,4823
718,9751,4319,2112,4544
1880,10040,2783,3677,3750
1966,11381,6181,2048,7028
2566,11986,6616,2620,7684
313,10601,4656,2092,5499
923,9963,3734,2696,4324
923,9963,3734,2696,4324
2337,9521,6623,252,6109
1293,10395,5699,1241,6039
2632,11929,6730,2560,7719
1559,8874,4883,1788,4185
674,10641,5034,1847,5775
2395,9398,6650,223,6047
677,10663,5030,1866,5789
5357,7472,9161,3246,7029
4742,10156,1843,6362,2858
940,10646,3468,3084,4802
2282,10554,6686,1206,6828
2405,9869,6766,608,6445
2405,9869,6766,608,6445
2881,10187,7276,1161,7016
923,9963,3734,2696,4324
389,10212,4123,2363,4824
1985,10162,6381,794,6357
1847,9696,6159,412,5876
295,10354,4134,2398,4955
2069,10146,2560,3900,3728
612,10262,3855,2620,4691
693,10742,3754,2885,5057
400,10130,4195,2276,4799
923,9963,3734,2696,4324
959,9508,4365,2088,4352
1756,9425,5959,472,5528
2018,9662,6329,305,5980
4321,10848,8727,2596,8424
1555,11022,5854,1765,6580
675,10585,3733,2833,4907
1145,11341,3674,3314,5519
1968,11387,6180,2054,7031
1968,11387,6180,2054,7031
756,9905,3986,2445,4446
479,10219,4017,2461,4759
1968,11387,6180,2054,7031
1968,11387,6180,2054,7031
756,9905,3986,2445,4446
479,10219,4017,2461,4759
440,10274,4024,2470,4813
760,9804,4119,2311,4447
923,9963,3734,2696,4324
848,9692,4166,2269,4375
632,9802,4465,1969,4698
433,10247,4048,2440,4805
2786,13218,4888,4444,7510
1191,10436,3236,3228,4463
823,9611,4626,1806,4649
2894,9006,7056,702,6113
708,9861,4111,2320,4495
1857,9850,6207,521,6019
541,9998,4166,2278,4661
536,10228,3951,2524,4723
1559,8874,4883,1788,4185
1756,9425,5959,472,5528
530,10727,4831,2049,5709
602,9865,4311,2123,4643
1199,10696,5569,1572,6166
2353,12784,4693,4059,7120
927,10424,3494,2989,4610
1520,8940,5052,1568,4395
531,10729,4830,2052,5710
332,10102,4416,2066,4927
2266,10693,6662,1337,6900
280,10152,4436,2062,4984
755,9898,3994,2437,4446
1185,9334,4265,2242,4102
579,10209,3917,2550,4682
1670,9465,5879,553,5495
1601,10501,2830,3617,4287
2416,10174,2265,4232,3570
1318,11387,3456,3506,5441
4094,7074,7511,2381,5294
2319,9741,2658,3954,3278
1749,12089,3947,3764,6246
2360,11960,6361,2615,7512
923,9963,3734,2696,4324
1611,10548,6010,1250,6359
2965,7475,5427,2637,3340
5048,15476,6492,6476,9700
3744,7415,7269,2011,5276
2024,10154,6420,785,6379
2266,8169,5253,2000,3861
401,10236,4090,2399,4823
1169,9828,5469,1030,5458
298,10706,4503,2274,5486
2315,10792,6702,1439,6990
4598,14810,4661,6534,8413
2020,11647,6110,2334,7157
615,10612,3798,2789,4970
700,9740,4631,1801,4766
5166,15587,6119,6769,9575
625,10688,3809,2815,5043
627,10680,3804,2815,5033
923,9963,3734,2696,4324
923,9963,3734,2696,4324
985,9466,4442,2015,4373
601,10556,4985,1820,5678
923,9963,3734,2696,4324
321,10697,4569,2218,5520
4972,15327,6981,6144,9869
2423,8860,3486,3541,2786
923,9963,3734,2696,4324
948,9643,4082,2362,4263
187,10248,4399,2127,5040
2358,12528,5776,3341,7532
598,9946,4154,2283,4605
923,9963,3734,2696,4324
815,9704,4206,2227,4416
294,10486,4689,1998,5429
2200,9676,2801,3805,3305
1862,9430,6082,349,5628
3108,12420,7079,3056,8232
3769,10122,8151,1839,7614
2504,10440,6910,1162,6912
2638,11946,6729,2577,7729
2551,8773,6573,599,5561
1797,11193,6063,1879,6829
451,10793,4104,2633,5311
588,9852,4603,1839,4844
6378,16686,8244,7423,11283
2546,11969,6600,2603,7664
2345,9640,2727,3930,3192
808,9940,3884,2547,4407
930,10680,3483,3085,4842
923,9963,3734,2696,4324
2469,9792,6818,580,6434
1028,10805,3408,3201,4912
481,10814,4081,2663,5314
436,10810,4603,2269,5631
448,10828,4595,2288,5640
923,9963,3734,2696,4324
1103,9883,5418,1097,5463
2457,12501,6017,3246,7652
1313,9621,3646,2832,3906
3826,8788,7970,1628,6721
923,9963,3734,2696,4324
923,9963,3734,2696,4324
179,10576,4285,2370,5242
499,10124,4071,2389,4709
755,10181,3754,2697,4548
923,9963,3734,2696,4324
923,9963,3734,2696,4324
923,9963,3734,2696,4324
343,10592,4086,2540,5130
260,10389,4665,1965,5335
2377,9475,6653,252,6101
324,10109,4480,2010,4978
6702,17077,8227,7880,11480
1413,11067,3081,3596,4969
336,10262,4144,2358,4882
923,9963,3734,2696,4324
441,10606,3982,2633,5077
4912,11911,9273,3501,9357
732,9950,3964,2468,4473
6995,7158,5606,7646,1817
742,9716,4723,1709,4814
860,9689,4150,2286,4359
2628,12180,6580,2820,7783
4387,14820,5882,5907,9009
278,10703,4316,2415,5366
920,10526,3487,3025,4702
2162,11952,6092,2652,7344
4492,7303,4461,5064,794
3080,9469,2467,4574,2656
528,9920,4368,2074,4733
1293,11418,3533,3472,5508
923,9963,3734,2696,4324
923,9963,3734,2696,4324
923,9963,3734,2696,4324
923,9963,3734,2696,4324
1316,10446,5721,1274,6090
5564,8310,9608,3370,7806
1595,10379,6001,1090,6236
2238,10026,6620,687,6439
2270,8163,5230,2029,3831
916,9528,4459,1986,4445
352,10780,4322,2457,5433
285,10718,4390,2367,5425
703,9858,4123,2308,4501
4120,13896,7464,4528,9319
747,10149,3780,2667,4536
1169,9829,5469,1030,5459
2055,10154,2567,3891,3741
2633,11872,6757,2503,7701
2241,9677,6563,341,6166
2562,11969,6621,2602,7676
2558,11949,6626,2582,7668
675,10590,3734,2834,4911
590,9954,4155,2283,4612
482,10211,4019,2457,4753
1764,9795,6098,525,5899
969,9464,4659,1789,4542
923,9963,3734,2696,4324
4434,11237,8831,2852,8704
4648,14740,7424,5409,9775
1123,9755,3712,2733,4098
1441,8992,4736,1878,4167
2736,8389,6578,979,5297
1441,8992,4736,1878,4167
479,10219,4017,2461,4759
6431,4385,8897,5052,5308
